carbon_cost,dollar_cost
0.62294,0.37439999999999996
