carbon_cost,dollar_cost
0.40689000000000003,0.37439999999999996
