carbon_cost,dollar_cost
0.09614000000000002,0.01248
