carbon_cost,dollar_cost
0.6928336497562654,0.0029466666666666664
