carbon_cost,dollar_cost
197.83014593888888,59.06990266666668
