carbon_cost,dollar_cost
139.78673191666664,54.01408826666668
