carbon_cost,dollar_cost
120.13532030555535,59.069902666666664
