carbon_cost,dollar_cost
139.78673191666664,59.0699026666667
