carbon_cost,dollar_cost
65811.50498232796,28408.435934667017
