carbon_cost,dollar_cost
384.3587458750004,199.1758600000001
