carbon_cost,dollar_cost
562.2895723611101,199.21671466666652
