carbon_cost,dollar_cost
484.4279513611118,117.46976800000012
