carbon_cost,dollar_cost
556.3804733194441,110.26206533333335
