carbon_cost,dollar_cost
521.4923970138892,108.9403466666666
