carbon_cost,dollar_cost
407.5113252500006,171.08864933333348
