carbon_cost,dollar_cost
540.4446264583336,106.54611066666668
