carbon_cost,dollar_cost
499.8982301111121,124.22512266666662
