carbon_cost,dollar_cost
550.8797528055553,109.02358133333334
