carbon_cost,dollar_cost
407.5113252500006,199.1758600000002
