carbon_cost,dollar_cost
436.4346159444447,178.26126933333356
