carbon_cost,dollar_cost
456.57819686111156,132.73556399999998
