carbon_cost,dollar_cost
480.3222550694454,142.1485346666667
