carbon_cost,dollar_cost
562.1712562916667,154.39741200000003
