carbon_cost,dollar_cost
407.5113252500006,181.38073200000014
