carbon_cost,dollar_cost
458.99683843055584,159.71779200000014
