carbon_cost,dollar_cost
438.5145320694446,199.17586000000023
