carbon_cost,dollar_cost
518.1260169166669,129.82723866666666
