carbon_cost,dollar_cost
307.05579408333443,189.7458333333328
