carbon_cost,dollar_cost
359.28654694444407,180.7149933333332
