carbon_cost,dollar_cost
307.05579408333443,199.17585999999915
