carbon_cost,dollar_cost
359.3768613111108,199.21671466666612
