carbon_cost,dollar_cost
359.28654694444407,171.08864933333314
